test_file,test_speaker,19,26,27,result,correct
data/wav/sample_test/19-198-0001.wav,19,0.23367898685267252,0.5625098403722337,0.7829329873624069,19,1.0
data/wav/sample_test/27-123349-0001.wav,27,0.8260550044749975,0.7612381062935429,0.4205459657526188,27,1.0
